{
  "train_loss": [
    0.7467920210957527,
    0.29496233304341635,
    0.15883241674304008,
    0.0803753730803728,
    0.04439754025327663,
    0.026741214472800492,
    0.01948728403635323,
    0.010009122798219323,
    0.009386958557801943,
    0.0057381422442073626
  ],
  "train_acc": [
    0.7216666666666667,
    0.9086666666666666,
    0.95,
    0.976,
    0.9873333333333333,
    0.992,
    0.9946666666666667,
    0.9963333333333333,
    0.9973333333333333,
    0.998
  ],
  "val_loss": [
    0.3847338457107544,
    0.36340253150463103,
    0.31326078456640244,
    0.3490459822416306,
    0.38578393679857254,
    0.39296911426633596,
    0.3799155592508614,
    0.4755502399243414,
    0.4231643655188382,
    0.4259812337644398
  ],
  "val_acc": [
    0.88,
    0.88,
    0.89,
    0.9,
    0.892,
    0.894,
    0.908,
    0.892,
    0.904,
    0.904
  ]
}