{
  "model_size_mb": 256.3322343826294,
  "latency_ms": 10.909367500007647
}